level,can,common,eur,overlap
species,146,17,146,0.04187192118226601
genus,52,27,52,0.18620689655172415
family,8,17,8,0.4722222222222222
order,1,6,1,0.75
